,count,mean,std,min,25%,50%,75%,max,variance,mode,IQR
math score,1000.0,66.165,14.92241446460503,27.0,57.0,66.0,77.0,100.0,222.67845345345344,65.0,20.0
reading score,1000.0,69.201,14.503480615009279,29.0,59.0,70.0,79.0,100.0,210.35094994994995,72.0,20.0
writing score,1000.0,68.094375,15.068368432301707,25.875,57.75,69.0,79.0,100.0,227.0557272115866,74.0,21.25
